n	feedname
1357	p:412678
1223	p:300043
885	p:300087
795	p:400408
793	p:412223
765	p:412246
669	p:300078
650	p:412491
623	p:412533
578	p:412573
566	p:300038
543	p:300027
529	p:412406
520	p:300076
514	p:412542
508	p:412330
478	p:412321
471	p:412598
466	p:412582
460	p:300018
434	p:400050
420	p:400325
416	p:400272
379	p:400054
363	p:300093
361	p:400415
349	p:412668
348	p:400064
325	p:412428
322	p:412305
305	p:300071
300	p:400253
300	p:412205
295	p:400194
293	p:412666
292	p:300100
267	p:400134
261	p:412325
252	p:400357
232	p:412242
220	p:412378
215	p:412496
200	p:412721
199	p:300002
195	p:400013
194	p:412719
186	p:412248
178	p:412730
173	p:412243
171	p:412490
155	p:412194
154	p:412681
152	p:400034
144	p:300025
142	p:412679
141	p:300047
141	p:412218
138	p:412308
137	p:412290
132	p:412658
129	p:412729
127	p:300072
126	p:412269
122	p:400142
120	p:412545
119	p:412492
119	p:412671
118	p:412202
116	p:412471
115	p:400196
112	p:412680
109	p:300048
109	p:400419
109	p:412711
106	p:412556
105	p:400314
105	p:400413
105	p:400660
105	p:400101
102	p:412323
101	p:412303
98	p:412281
98	p:412600
95	p:412667
94	p:412708
93	p:412466
93	p:412486
93	p:400033
91	p:412331
89	p:412649
88	p:412646
87	p:300052
87	p:412271
86	p:412611
85	p:412727
85	p:412651
85	p:412709
85	p:412714
84	p:412405
84	p:400251
84	p:400237
83	p:412605
83	p:412539
82	p:412643
82	p:412495
82	p:412657
82	p:412720
81	p:412391
81	p:412255
80	p:412635
80	p:400380
79	p:412692
79	p:400361
79	p:412703
78	p:412713
78	p:412636
77	p:400124
76	p:412511
76	p:412295
76	p:412648
76	p:400343
75	p:300083
75	p:412694
75	p:412393
74	p:412618
74	p:412215
74	p:412536
74	p:412434
72	p:412718
71	p:412196
71	p:400381
71	p:400090
71	p:412699
71	p:412619
70	p:412422
70	p:412221
70	p:400326
70	p:412501
69	p:412613
69	p:412728
69	p:300089
69	p:412212
69	p:412464
69	p:412682
68	p:400289
66	p:412552
66	p:412508
66	p:400351
66	p:412192
66	p:300055
65	p:400360
64	p:412543
64	p:412399
64	p:400284
64	p:412500
63	p:412583
63	p:412697
63	p:412272
63	p:300030
63	p:412219
63	p:400063
62	p:412660
62	p:412632
61	p:412307
61	p:400659
60	p:412685
60	p:412315
60	p:412557
59	p:400240
59	p:412544
58	p:412691
58	p:412505
58	p:412438
58	p:412722
58	p:300023
58	p:412677
58	p:412532
58	p:412698
57	p:412717
57	p:300081
57	p:412247
57	p:400154
57	p:412644
57	p:400406
56	p:412523
56	p:400100
56	p:412510
56	p:412558
56	p:412461
56	p:400093
56	p:300075
55	p:400414
55	p:412322
55	p:412403
55	p:412684
55	p:400061
55	p:400379
53	p:412244
53	p:412462
53	p:412652
53	p:412585
53	p:412633
53	p:400047
52	p:412270
52	p:400416
52	p:412584
52	p:400367
51	p:412549
51	p:400114
51	p:412686
51	p:400040
51	p:412710
51	p:412683
50	p:412259
50	p:412566
50	p:400348
50	p:412616
50	p:412213
50	p:412637
50	p:400432
50	p:412191
49	p:412283
49	p:412690
49	p:412534
49	p:412731
48	p:400244
48	p:412624
48	p:412707
48	p:412548
48	p:412525
48	p:400163
48	p:300019
47	p:412701
47	p:412282
47	p:400249
47	p:400654
47	p:412421
47	p:412503
47	p:400103
46	p:412578
46	p:400189
46	p:412390
46	p:412674
46	p:400411
45	p:412670
45	p:400081
45	p:400630
45	p:412712
45	p:412553
45	p:412473
45	p:412606
45	p:412564
45	p:412311
45	p:412672
44	p:400365
44	p:412526
44	p:412705
44	p:412507
44	p:412614
43	p:400648
43	p:412700
43	p:412716
43	p:400344
43	p:412410
43	p:400259
42	p:400616
42	p:412416
42	p:400097
42	p:400313
42	p:400364
42	p:412430
42	p:412509
41	p:400071
41	p:412734
41	p:400111
41	p:412570
41	p:400644
41	p:412293
41	p:412629
41	p:412437
41	p:412514
41	p:412639
41	p:400285
40	p:400291
40	p:412628
40	p:412200
40	p:412715
40	p:412261
40	p:412512
40	p:400074
39	p:412488
39	p:412569
39	p:412186
39	p:412540
39	p:412689
39	p:412319
39	p:412254
38	p:412665
38	p:412432
38	p:412563
38	p:400263
38	p:412385
38	p:400640
37	p:400656
37	p:400046
37	p:412469
37	p:412607
37	p:400376
37	p:400122
37	p:412562
36	p:412506
36	p:412696
36	p:400206
36	p:400373
36	p:412193
36	p:412419
36	p:412513
36	p:412476
36	p:400245
36	p:400032
35	p:412317
35	p:412565
35	p:300065
35	p:400308
35	p:412538
34	p:412531
34	p:412309
34	p:400295
34	p:412404
34	p:400029
34	p:412622
34	p:400652
34	p:412524
34	p:412327
34	p:400116
33	p:412426
33	p:400162
33	p:400232
33	p:400403
33	p:400607
33	p:412214
33	p:412581
33	p:400089
33	p:400233
33	p:412382
33	p:400297
32	p:412724
32	p:400663
32	p:412258
32	p:412397
32	p:412478
32	p:400052
32	p:412638
32	p:412199
31	p:400639
31	p:400378
31	p:412702
31	p:412641
31	p:412695
31	p:412634
31	p:400440
31	p:400371
31	p:400246
31	p:412656
30	p:400141
30	p:412468
30	p:412250
30	p:412623
30	p:412477
30	p:412435
30	p:412704
30	p:400316
30	p:412627
30	p:412470
29	p:400087
29	p:400230
29	p:400068
29	p:400643
29	p:400219
29	p:412662
29	p:412239
29	p:412217
28	p:412561
28	p:412608
28	p:412302
28	p:400057
28	p:412209
28	p:412379
28	p:412675
28	p:412195
28	p:400417
28	p:412256
28	p:412485
28	p:412621
28	p:412318
27	p:400211
27	p:412631
27	p:412537
27	p:412571
27	p:412251
27	p:412480
27	p:400157
27	p:412568
27	p:400641
27	p:300088
26	p:412226
26	p:412190
26	p:412576
26	p:400175
26	p:412732
26	p:412688
26	p:412693
26	p:400350
26	p:412444
25	p:400209
25	p:412529
25	p:400546
25	p:400220
25	p:412472
25	p:412465
25	p:412551
25	p:412236
25	p:300041
25	p:412550
25	p:412567
25	p:412475
24	p:400349
24	p:412516
24	p:412522
24	p:412640
24	p:412521
24	p:400158
24	p:412647
24	p:412411
24	p:400309
24	p:400653
24	p:412402
24	p:409888
24	p:412661
24	p:412427
24	p:412211
23	p:412554
23	p:400655
23	p:412612
23	p:412541
23	p:412257
23	p:400238
23	p:400363
23	p:412615
23	p:400433
23	p:408211
22	p:412654
22	p:412487
22	p:400080
22	p:412460
22	p:412445
22	p:412650
22	p:412310
22	p:412284
21	p:412463
21	p:400422
21	p:412560
21	p:412575
21	p:400352
21	p:412673
21	p:400199
20	p:412443
20	p:412653
20	p:412706
20	p:400108
20	p:412520
20	p:400623
20	p:412519
20	p:412278
20	p:412655
20	p:400651
19	p:412625
19	p:412676
19	p:412630
19	p:400661
19	p:412669
19	p:412189
19	p:412663
19	p:412292
19	p:400218
19	p:412725
19	p:412517
18	p:412388
18	p:400077
18	p:412418
18	p:412687
17	p:412482
17	p:412617
17	p:400402
17	p:412280
17	p:400018
17	p:412601
16	p:412396
16	p:400626
16	p:400204
16	p:412395
16	p:400075
16	p:412609
15	p:400404
15	p:412733
15	p:412546
14	p:400341
14	p:412515
14	p:412595
14	p:400290
14	p:412574
14	p:400247
13	p:400355
13	p:412726
12	p:412723
12	p:412572
11	p:412474
11	p:400030
11	p:412412
11	p:412494
11	p:400170
11	p:412394
11	p:412417
10	p:400340
10	p:400271
10	p:400021
10	p:412610
10	p:412400
9	p:400366
9	p:412596
9	p:412580
9	p:400618
9	p:400657
9	p:412555
9	p:412735
7	p:400315
6	p:400004
6	p:400160
6	p:400347
5	p:412579
4	p:412659
3	p:412431
2	p:412664
2	p:412312
1	p:300073
1	p:400041
1	p:412484
